[
    {
        "id": 1,
        "name": "Bulbasaur",
        "image": "images/bulbasaur.jpg"
    },
    {
        "id": 2,
        "name": "Ivysaur",
        "image": "images/ivysaur.jpg"
    },
    {
        "id": 3,
        "name": "Venusaur",
        "image": "images/venusaur.jpg"
    },
    {
        "id": 4,
        "name": "Charmander",
        "image": "images/charmander.jpg"
    },
    {
        "id": 5,
        "name": "Charmeleon",
        "image": "images/charmeleon.jpg"
    },
    {
        "id": 6,
        "name": "Charizard",
        "image": "images/charizard.jpg"
    },
    {
        "id": 7,
        "name": "Squirtle",
        "image": "images/squirtle.jpg"
    },
    {
        "id": 8,
        "name": "Wartortle",
        "image": "images/wartortle.jpg"
    },
    {
        "id": 9,
        "name": "Blastoise",
        "image": "images/blastoise.jpg"
    },
    {
        "id": 10,
        "name": "Caterpie",
        "image": "images/caterpie.jpg"
    },
    {
        "id": 11,
        "name": "Metapod",
        "image": "images/metapod.jpg"
    },
    {
        "id": 12,
        "name": "Butterfree",
        "image": "images/butterfree.jpg"
    },
    {
        "id": 13,
        "name": "Weedle",
        "image": "images/weedle.jpg"
    },
    {
        "id": 14,
        "name": "Kakuna",
        "image": "images/kakuna.jpg"
    },
    {
        "id": 15,
        "name": "Beedrill",
        "image": "images/beedrill.jpg"
    },
    {
        "id": 16,
        "name": "Pidgey",
        "image": "images/pidgey.jpg"
    },
    {
        "id": 17,
        "name": "Pidgeotto",
        "image": "images/pidgeotto.jpg"
    },
    {
        "id": 18,
        "name": "Pidgeot",
        "image": "images/pidgeot.jpg"
    },
    {
        "id": 19,
        "name": "Rattata",
        "image": "images/rattata.jpg"
    },
    {
        "id": 20,
        "name": "Raticate",
        "image": "images/raticate.jpg"
    },
    {
        "id": 21,
        "name": "Spearow",
        "image": "images/spearow.jpg"
    },
    {
        "id": 22,
        "name": "Fearow",
        "image": "images/fearow.jpg"
    },
    {
        "id": 23,
        "name": "Ekans",
        "image": "images/ekans.jpg"
    },
    {
        "id": 24,
        "name": "Arbok",
        "image": "images/arbok.jpg"
    },
    {
        "id": 25,
        "name": "Pikachu",
        "image": "images/pikachu.jpg"
    },
    {
        "id": 26,
        "name": "Raichu",
        "image": "images/raichu.jpg"
    },
    {
        "id": 27,
        "name": "Sandshrew",
        "image": "images/sandshrew.jpg"
    },
    {
        "id": 28,
        "name": "Sandslash",
        "image": "images/sandslash.jpg"
    },
    {
        "id": 30,
        "name": "Nidorina",
        "image": "images/nidorina.jpg"
    },
    {
        "id": 31,
        "name": "Nidoqueen",
        "image": "images/nidoqueen.jpg"
    },
    {
        "id": 33,
        "name": "Nidorino",
        "image": "images/nidorino.jpg"
    },
    {
        "id": 34,
        "name": "Nidoking",
        "image": "images/nidoking.jpg"
    },
    {
        "id": 35,
        "name": "Clefairy",
        "image": "images/clefairy.jpg"
    },
    {
        "id": 36,
        "name": "Clefable",
        "image": "images/clefable.jpg"
    },
    {
        "id": 37,
        "name": "Vulpix",
        "image": "images/vulpix.jpg"
    },
    {
        "id": 38,
        "name": "Ninetales",
        "image": "images/ninetales.jpg"
    },
    {
        "id": 39,
        "name": "Jigglypuff",
        "image": "images/jigglypuff.jpg"
    },
    {
        "id": 40,
        "name": "Wigglytuff",
        "image": "images/wigglytuff.jpg"
    },
    {
        "id": 41,
        "name": "Zubat",
        "image": "images/zubat.jpg"
    },
    {
        "id": 42,
        "name": "Golbat",
        "image": "images/golbat.jpg"
    },
    {
        "id": 43,
        "name": "Oddish",
        "image": "images/oddish.jpg"
    },
    {
        "id": 44,
        "name": "Gloom",
        "image": "images/gloom.jpg"
    },
    {
        "id": 45,
        "name": "Vileplume",
        "image": "images/vileplume.jpg"
    },
    {
        "id": 46,
        "name": "Paras",
        "image": "images/paras.jpg"
    },
    {
        "id": 47,
        "name": "Parasect",
        "image": "images/parasect.jpg"
    },
    {
        "id": 48,
        "name": "Venonat",
        "image": "images/venonat.jpg"
    },
    {
        "id": 49,
        "name": "Venomoth",
        "image": "images/venomoth.jpg"
    },
    {
        "id": 50,
        "name": "Diglett",
        "image": "images/diglett.jpg"
    },
    {
        "id": 51,
        "name": "Dugtrio",
        "image": "images/dugtrio.jpg"
    },
    {
        "id": 52,
        "name": "Meowth",
        "image": "images/meowth.jpg"
    },
    {
        "id": 53,
        "name": "Persian",
        "image": "images/persian.jpg"
    },
    {
        "id": 54,
        "name": "Psyduck",
        "image": "images/psyduck.jpg"
    },
    {
        "id": 55,
        "name": "Golduck",
        "image": "images/golduck.jpg"
    },
    {
        "id": 56,
        "name": "Mankey",
        "image": "images/mankey.jpg"
    },
    {
        "id": 57,
        "name": "Primeape",
        "image": "images/primeape.jpg"
    },
    {
        "id": 58,
        "name": "Growlithe",
        "image": "images/growlithe.jpg"
    },
    {
        "id": 59,
        "name": "Arcanine",
        "image": "images/arcanine.jpg"
    },
    {
        "id": 60,
        "name": "Poliwag",
        "image": "images/poliwag.jpg"
    },
    {
        "id": 61,
        "name": "Poliwhirl",
        "image": "images/poliwhirl.jpg"
    },
    {
        "id": 62,
        "name": "Poliwrath",
        "image": "images/poliwrath.jpg"
    },
    {
        "id": 63,
        "name": "Abra",
        "image": "images/abra.jpg"
    },
    {
        "id": 64,
        "name": "Kadabra",
        "image": "images/kadabra.jpg"
    },
    {
        "id": 65,
        "name": "Alakazam",
        "image": "images/alakazam.jpg"
    },
    {
        "id": 66,
        "name": "Machop",
        "image": "images/machop.jpg"
    },
    {
        "id": 67,
        "name": "Machoke",
        "image": "images/machoke.jpg"
    },
    {
        "id": 68,
        "name": "Machamp",
        "image": "images/machamp.jpg"
    },
    {
        "id": 69,
        "name": "Bellsprout",
        "image": "images/bellsprout.jpg"
    },
    {
        "id": 70,
        "name": "Weepinbell",
        "image": "images/weepinbell.jpg"
    },
    {
        "id": 71,
        "name": "Victreebel",
        "image": "images/victreebel.jpg"
    },
    {
        "id": 72,
        "name": "Tentacool",
        "image": "images/tentacool.jpg"
    },
    {
        "id": 73,
        "name": "Tentacruel",
        "image": "images/tentacruel.jpg"
    },
    {
        "id": 74,
        "name": "Geodude",
        "image": "images/geodude.jpg"
    },
    {
        "id": 75,
        "name": "Graveler",
        "image": "images/graveler.jpg"
    },
    {
        "id": 76,
        "name": "Golem",
        "image": "images/golem.jpg"
    },
    {
        "id": 77,
        "name": "Ponyta",
        "image": "images/ponyta.jpg"
    },
    {
        "id": 78,
        "name": "Rapidash",
        "image": "images/rapidash.jpg"
    },
    {
        "id": 79,
        "name": "Slowpoke",
        "image": "images/slowpoke.jpg"
    },
    {
        "id": 80,
        "name": "Slowbro",
        "image": "images/slowbro.jpg"
    },
    {
        "id": 81,
        "name": "Magnemite",
        "image": "images/magnemite.jpg"
    },
    {
        "id": 82,
        "name": "Magneton",
        "image": "images/magneton.jpg"
    },
    {
        "id": 84,
        "name": "Doduo",
        "image": "images/doduo.jpg"
    },
    {
        "id": 85,
        "name": "Dodrio",
        "image": "images/dodrio.jpg"
    },
    {
        "id": 86,
        "name": "Seel",
        "image": "images/seel.jpg"
    },
    {
        "id": 87,
        "name": "Dewgong",
        "image": "images/dewgong.jpg"
    },
    {
        "id": 88,
        "name": "Grimer",
        "image": "images/grimer.jpg"
    },
    {
        "id": 89,
        "name": "Muk",
        "image": "images/muk.jpg"
    },
    {
        "id": 90,
        "name": "Shellder",
        "image": "images/shellder.jpg"
    },
    {
        "id": 91,
        "name": "Cloyster",
        "image": "images/cloyster.jpg"
    },
    {
        "id": 92,
        "name": "Gastly",
        "image": "images/gastly.jpg"
    },
    {
        "id": 93,
        "name": "Haunter",
        "image": "images/haunter.jpg"
    },
    {
        "id": 94,
        "name": "Gengar",
        "image": "images/gengar.jpg"
    },
    {
        "id": 95,
        "name": "Onix",
        "image": "images/onix.jpg"
    },
    {
        "id": 96,
        "name": "Drowzee",
        "image": "images/drowzee.jpg"
    },
    {
        "id": 97,
        "name": "Hypno",
        "image": "images/hypno.jpg"
    },
    {
        "id": 98,
        "name": "Krabby",
        "image": "images/krabby.jpg"
    },
    {
        "id": 99,
        "name": "Kingler",
        "image": "images/kingler.jpg"
    },
    {
        "id": 100,
        "name": "Voltorb",
        "image": "images/voltorb.jpg"
    },
    {
        "id": 101,
        "name": "Electrode",
        "image": "images/electrode.jpg"
    },
    {
        "id": 102,
        "name": "Exeggcute",
        "image": "images/exeggcute.jpg"
    },
    {
        "id": 103,
        "name": "Exeggutor",
        "image": "images/exeggutor.jpg"
    },
    {
        "id": 104,
        "name": "Cubone",
        "image": "images/cubone.jpg"
    },
    {
        "id": 105,
        "name": "Marowak",
        "image": "images/marowak.jpg"
    },
    {
        "id": 106,
        "name": "Hitmonlee",
        "image": "images/hitmonlee.jpg"
    },
    {
        "id": 107,
        "name": "Hitmonchan",
        "image": "images/hitmonchan.jpg"
    },
    {
        "id": 108,
        "name": "Lickitung",
        "image": "images/lickitung.jpg"
    },
    {
        "id": 109,
        "name": "Koffing",
        "image": "images/koffing.jpg"
    },
    {
        "id": 110,
        "name": "Weezing",
        "image": "images/weezing.jpg"
    },
    {
        "id": 111,
        "name": "Rhyhorn",
        "image": "images/rhyhorn.jpg"
    },
    {
        "id": 112,
        "name": "Rhydon",
        "image": "images/rhydon.jpg"
    },
    {
        "id": 113,
        "name": "Chansey",
        "image": "images/chansey.jpg"
    },
    {
        "id": 114,
        "name": "Tangela",
        "image": "images/tangela.jpg"
    },
    {
        "id": 115,
        "name": "Kangaskhan",
        "image": "images/kangaskhan.jpg"
    },
    {
        "id": 116,
        "name": "Horsea",
        "image": "images/horsea.jpg"
    },
    {
        "id": 117,
        "name": "Seadra",
        "image": "images/seadra.jpg"
    },
    {
        "id": 118,
        "name": "Goldeen",
        "image": "images/goldeen.jpg"
    },
    {
        "id": 119,
        "name": "Seaking",
        "image": "images/seaking.jpg"
    },
    {
        "id": 120,
        "name": "Staryu",
        "image": "images/staryu.jpg"
    },
    {
        "id": 121,
        "name": "Starmie",
        "image": "images/starmie.jpg"
    },
    {
        "id": 123,
        "name": "Scyther",
        "image": "images/scyther.jpg"
    },
    {
        "id": 124,
        "name": "Jynx",
        "image": "images/jynx.jpg"
    },
    {
        "id": 125,
        "name": "Electabuzz",
        "image": "images/electabuzz.jpg"
    },
    {
        "id": 126,
        "name": "Magmar",
        "image": "images/magmar.jpg"
    },
    {
        "id": 127,
        "name": "Pinsir",
        "image": "images/pinsir.jpg"
    },
    {
        "id": 128,
        "name": "Tauros",
        "image": "images/tauros.jpg"
    },
    {
        "id": 129,
        "name": "Magikarp",
        "image": "images/magikarp.jpg"
    },
    {
        "id": 130,
        "name": "Gyarados",
        "image": "images/gyarados.jpg"
    },
    {
        "id": 131,
        "name": "Lapras",
        "image": "images/lapras.jpg"
    },
    {
        "id": 132,
        "name": "Ditto",
        "image": "images/ditto.jpg"
    },
    {
        "id": 133,
        "name": "Eevee",
        "image": "images/eevee.jpg"
    },
    {
        "id": 134,
        "name": "Vaporeon",
        "image": "images/vaporeon.jpg"
    },
    {
        "id": 135,
        "name": "Jolteon",
        "image": "images/jolteon.jpg"
    },
    {
        "id": 136,
        "name": "Flareon",
        "image": "images/flareon.jpg"
    },
    {
        "id": 137,
        "name": "Porygon",
        "image": "images/porygon.jpg"
    },
    {
        "id": 138,
        "name": "Omanyte",
        "image": "images/omanyte.jpg"
    },
    {
        "id": 139,
        "name": "Omastar",
        "image": "images/omastar.jpg"
    },
    {
        "id": 140,
        "name": "Kabuto",
        "image": "images/kabuto.jpg"
    },
    {
        "id": 141,
        "name": "Kabutops",
        "image": "images/kabutops.jpg"
    },
    {
        "id": 142,
        "name": "Aerodactyl",
        "image": "images/aerodactyl.jpg"
    },
    {
        "id": 143,
        "name": "Snorlax",
        "image": "images/snorlax.jpg"
    },
    {
        "id": 144,
        "name": "Articuno",
        "image": "images/articuno.jpg"
    },
    {
        "id": 145,
        "name": "Zapdos",
        "image": "images/zapdos.jpg"
    },
    {
        "id": 146,
        "name": "Moltres",
        "image": "images/moltres.jpg"
    },
    {
        "id": 147,
        "name": "Dratini",
        "image": "images/dratini.jpg"
    },
    {
        "id": 148,
        "name": "Dragonair",
        "image": "images/dragonair.jpg"
    },
    {
        "id": 149,
        "name": "Dragonite",
        "image": "images/dragonite.jpg"
    },
    {
        "id": 150,
        "name": "Mewtwo",
        "image": "images/mewtwo.jpg"
    },
    {
        "id": 151,
        "name": "Mew",
        "image": "images/mew.jpg"
    },
    {
        "id": 152,
        "name": "Chikorita",
        "image": "images/chikorita.jpg"
    },
    {
        "id": 153,
        "name": "Bayleef",
        "image": "images/bayleef.jpg"
    },
    {
        "id": 154,
        "name": "Meganium",
        "image": "images/meganium.jpg"
    },
    {
        "id": 155,
        "name": "Cyndaquil",
        "image": "images/cyndaquil.jpg"
    },
    {
        "id": 156,
        "name": "Quilava",
        "image": "images/quilava.jpg"
    },
    {
        "id": 157,
        "name": "Typhlosion",
        "image": "images/typhlosion.jpg"
    },
    {
        "id": 158,
        "name": "Totodile",
        "image": "images/totodile.jpg"
    },
    {
        "id": 159,
        "name": "Croconaw",
        "image": "images/croconaw.jpg"
    },
    {
        "id": 160,
        "name": "Feraligatr",
        "image": "images/feraligatr.jpg"
    },
    {
        "id": 161,
        "name": "Sentret",
        "image": "images/sentret.jpg"
    },
    {
        "id": 162,
        "name": "Furret",
        "image": "images/furret.jpg"
    },
    {
        "id": 163,
        "name": "Hoothoot",
        "image": "images/hoothoot.jpg"
    },
    {
        "id": 164,
        "name": "Noctowl",
        "image": "images/noctowl.jpg"
    },
    {
        "id": 165,
        "name": "Ledyba",
        "image": "images/ledyba.jpg"
    },
    {
        "id": 166,
        "name": "Ledian",
        "image": "images/ledian.jpg"
    },
    {
        "id": 167,
        "name": "Spinarak",
        "image": "images/spinarak.jpg"
    },
    {
        "id": 168,
        "name": "Ariados",
        "image": "images/ariados.jpg"
    },
    {
        "id": 169,
        "name": "Crobat",
        "image": "images/crobat.jpg"
    },
    {
        "id": 170,
        "name": "Chinchou",
        "image": "images/chinchou.jpg"
    },
    {
        "id": 171,
        "name": "Lanturn",
        "image": "images/lanturn.jpg"
    },
    {
        "id": 172,
        "name": "Pichu",
        "image": "images/pichu.jpg"
    },
    {
        "id": 173,
        "name": "Cleffa",
        "image": "images/cleffa.jpg"
    },
    {
        "id": 174,
        "name": "Igglybuff",
        "image": "images/igglybuff.jpg"
    },
    {
        "id": 175,
        "name": "Togepi",
        "image": "images/togepi.jpg"
    },
    {
        "id": 176,
        "name": "Togetic",
        "image": "images/togetic.jpg"
    },
    {
        "id": 177,
        "name": "Natu",
        "image": "images/natu.jpg"
    },
    {
        "id": 178,
        "name": "Xatu",
        "image": "images/xatu.jpg"
    },
    {
        "id": 179,
        "name": "Mareep",
        "image": "images/mareep.jpg"
    },
    {
        "id": 180,
        "name": "Flaaffy",
        "image": "images/flaaffy.jpg"
    },
    {
        "id": 181,
        "name": "Ampharos",
        "image": "images/ampharos.jpg"
    },
    {
        "id": 182,
        "name": "Bellossom",
        "image": "images/bellossom.jpg"
    },
    {
        "id": 183,
        "name": "Marill",
        "image": "images/marill.jpg"
    },
    {
        "id": 184,
        "name": "Azumarill",
        "image": "images/azumarill.jpg"
    },
    {
        "id": 185,
        "name": "Sudowoodo",
        "image": "images/sudowoodo.jpg"
    },
    {
        "id": 186,
        "name": "Politoed",
        "image": "images/politoed.jpg"
    },
    {
        "id": 187,
        "name": "Hoppip",
        "image": "images/hoppip.jpg"
    },
    {
        "id": 188,
        "name": "Skiploom",
        "image": "images/skiploom.jpg"
    },
    {
        "id": 189,
        "name": "Jumpluff",
        "image": "images/jumpluff.jpg"
    },
    {
        "id": 190,
        "name": "Aipom",
        "image": "images/aipom.jpg"
    },
    {
        "id": 191,
        "name": "Sunkern",
        "image": "images/sunkern.jpg"
    },
    {
        "id": 192,
        "name": "Sunflora",
        "image": "images/sunflora.jpg"
    },
    {
        "id": 193,
        "name": "Yanma",
        "image": "images/yanma.jpg"
    },
    {
        "id": 194,
        "name": "Wooper",
        "image": "images/wooper.jpg"
    },
    {
        "id": 195,
        "name": "Quagsire",
        "image": "images/quagsire.jpg"
    },
    {
        "id": 196,
        "name": "Espeon",
        "image": "images/espeon.jpg"
    },
    {
        "id": 197,
        "name": "Umbreon",
        "image": "images/umbreon.jpg"
    },
    {
        "id": 198,
        "name": "Murkrow",
        "image": "images/murkrow.jpg"
    },
    {
        "id": 199,
        "name": "Slowking",
        "image": "images/slowking.jpg"
    },
    {
        "id": 200,
        "name": "Misdreavus",
        "image": "images/misdreavus.jpg"
    },
    {
        "id": 201,
        "name": "Unown",
        "image": "images/unown.jpg"
    },
    {
        "id": 202,
        "name": "Wobbuffet",
        "image": "images/wobbuffet.jpg"
    },
    {
        "id": 203,
        "name": "Girafarig",
        "image": "images/girafarig.jpg"
    },
    {
        "id": 204,
        "name": "Pineco",
        "image": "images/pineco.jpg"
    },
    {
        "id": 205,
        "name": "Forretress",
        "image": "images/forretress.jpg"
    },
    {
        "id": 206,
        "name": "Dunsparce",
        "image": "images/dunsparce.jpg"
    },
    {
        "id": 207,
        "name": "Gligar",
        "image": "images/gligar.jpg"
    },
    {
        "id": 208,
        "name": "Steelix",
        "image": "images/steelix.jpg"
    },
    {
        "id": 209,
        "name": "Snubbull",
        "image": "images/snubbull.jpg"
    },
    {
        "id": 210,
        "name": "Granbull",
        "image": "images/granbull.jpg"
    },
    {
        "id": 211,
        "name": "Qwilfish",
        "image": "images/qwilfish.jpg"
    },
    {
        "id": 212,
        "name": "Scizor",
        "image": "images/scizor.jpg"
    },
    {
        "id": 213,
        "name": "Shuckle",
        "image": "images/shuckle.jpg"
    },
    {
        "id": 214,
        "name": "Heracross",
        "image": "images/heracross.jpg"
    },
    {
        "id": 215,
        "name": "Sneasel",
        "image": "images/sneasel.jpg"
    },
    {
        "id": 216,
        "name": "Teddiursa",
        "image": "images/teddiursa.jpg"
    },
    {
        "id": 217,
        "name": "Ursaring",
        "image": "images/ursaring.jpg"
    },
    {
        "id": 218,
        "name": "Slugma",
        "image": "images/slugma.jpg"
    },
    {
        "id": 219,
        "name": "Magcargo",
        "image": "images/magcargo.jpg"
    },
    {
        "id": 220,
        "name": "Swinub",
        "image": "images/swinub.jpg"
    },
    {
        "id": 221,
        "name": "Piloswine",
        "image": "images/piloswine.jpg"
    },
    {
        "id": 222,
        "name": "Corsola",
        "image": "images/corsola.jpg"
    },
    {
        "id": 223,
        "name": "Remoraid",
        "image": "images/remoraid.jpg"
    },
    {
        "id": 224,
        "name": "Octillery",
        "image": "images/octillery.jpg"
    },
    {
        "id": 225,
        "name": "Delibird",
        "image": "images/delibird.jpg"
    },
    {
        "id": 226,
        "name": "Mantine",
        "image": "images/mantine.jpg"
    },
    {
        "id": 227,
        "name": "Skarmory",
        "image": "images/skarmory.jpg"
    },
    {
        "id": 228,
        "name": "Houndour",
        "image": "images/houndour.jpg"
    },
    {
        "id": 229,
        "name": "Houndoom",
        "image": "images/houndoom.jpg"
    },
    {
        "id": 230,
        "name": "Kingdra",
        "image": "images/kingdra.jpg"
    },
    {
        "id": 231,
        "name": "Phanpy",
        "image": "images/phanpy.jpg"
    },
    {
        "id": 232,
        "name": "Donphan",
        "image": "images/donphan.jpg"
    },
    {
        "id": 233,
        "name": "Porygon2",
        "image": "images/porygon2.jpg"
    },
    {
        "id": 234,
        "name": "Stantler",
        "image": "images/stantler.jpg"
    },
    {
        "id": 235,
        "name": "Smeargle",
        "image": "images/smeargle.jpg"
    },
    {
        "id": 236,
        "name": "Tyrogue",
        "image": "images/tyrogue.jpg"
    },
    {
        "id": 237,
        "name": "Hitmontop",
        "image": "images/hitmontop.jpg"
    },
    {
        "id": 238,
        "name": "Smoochum",
        "image": "images/smoochum.jpg"
    },
    {
        "id": 239,
        "name": "Elekid",
        "image": "images/elekid.jpg"
    },
    {
        "id": 240,
        "name": "Magby",
        "image": "images/magby.jpg"
    },
    {
        "id": 241,
        "name": "Miltank",
        "image": "images/miltank.jpg"
    },
    {
        "id": 242,
        "name": "Blissey",
        "image": "images/blissey.jpg"
    },
    {
        "id": 243,
        "name": "Raikou",
        "image": "images/raikou.jpg"
    },
    {
        "id": 244,
        "name": "Entei",
        "image": "images/entei.jpg"
    },
    {
        "id": 245,
        "name": "Suicune",
        "image": "images/suicune.jpg"
    },
    {
        "id": 246,
        "name": "Larvitar",
        "image": "images/larvitar.jpg"
    },
    {
        "id": 247,
        "name": "Pupitar",
        "image": "images/pupitar.jpg"
    },
    {
        "id": 248,
        "name": "Tyranitar",
        "image": "images/tyranitar.jpg"
    },
    {
        "id": 249,
        "name": "Lugia",
        "image": "images/lugia.jpg"
    },
    {
        "id": 250,
        "name": "Ho-Oh",
        "image": "images/ho-oh.jpg"
    },
    {
        "id": 251,
        "name": "Celebi",
        "image": "images/celebi.jpg"
    },
    {
        "id": 252,
        "name": "Treecko",
        "image": "images/treecko.jpg"
    },
    {
        "id": 253,
        "name": "Grovyle",
        "image": "images/grovyle.jpg"
    },
    {
        "id": 254,
        "name": "Sceptile",
        "image": "images/sceptile.jpg"
    },
    {
        "id": 255,
        "name": "Torchic",
        "image": "images/torchic.jpg"
    },
    {
        "id": 256,
        "name": "Combusken",
        "image": "images/combusken.jpg"
    },
    {
        "id": 257,
        "name": "Blaziken",
        "image": "images/blaziken.jpg"
    },
    {
        "id": 258,
        "name": "Mudkip",
        "image": "images/mudkip.jpg"
    },
    {
        "id": 259,
        "name": "Marshtomp",
        "image": "images/marshtomp.jpg"
    },
    {
        "id": 260,
        "name": "Swampert",
        "image": "images/swampert.jpg"
    },
    {
        "id": 261,
        "name": "Poochyena",
        "image": "images/poochyena.jpg"
    },
    {
        "id": 262,
        "name": "Mightyena",
        "image": "images/mightyena.jpg"
    },
    {
        "id": 263,
        "name": "Zigzagoon",
        "image": "images/zigzagoon.jpg"
    },
    {
        "id": 264,
        "name": "Linoone",
        "image": "images/linoone.jpg"
    },
    {
        "id": 265,
        "name": "Wurmple",
        "image": "images/wurmple.jpg"
    },
    {
        "id": 266,
        "name": "Silcoon",
        "image": "images/silcoon.jpg"
    },
    {
        "id": 267,
        "name": "Beautifly",
        "image": "images/beautifly.jpg"
    },
    {
        "id": 268,
        "name": "Cascoon",
        "image": "images/cascoon.jpg"
    },
    {
        "id": 269,
        "name": "Dustox",
        "image": "images/dustox.jpg"
    },
    {
        "id": 270,
        "name": "Lotad",
        "image": "images/lotad.jpg"
    },
    {
        "id": 271,
        "name": "Lombre",
        "image": "images/lombre.jpg"
    },
    {
        "id": 272,
        "name": "Ludicolo",
        "image": "images/ludicolo.jpg"
    },
    {
        "id": 273,
        "name": "Seedot",
        "image": "images/seedot.jpg"
    },
    {
        "id": 274,
        "name": "Nuzleaf",
        "image": "images/nuzleaf.jpg"
    },
    {
        "id": 275,
        "name": "Shiftry",
        "image": "images/shiftry.jpg"
    },
    {
        "id": 276,
        "name": "Taillow",
        "image": "images/taillow.jpg"
    },
    {
        "id": 277,
        "name": "Swellow",
        "image": "images/swellow.jpg"
    },
    {
        "id": 278,
        "name": "Wingull",
        "image": "images/wingull.jpg"
    },
    {
        "id": 279,
        "name": "Pelipper",
        "image": "images/pelipper.jpg"
    },
    {
        "id": 280,
        "name": "Ralts",
        "image": "images/ralts.jpg"
    },
    {
        "id": 281,
        "name": "Kirlia",
        "image": "images/kirlia.jpg"
    },
    {
        "id": 282,
        "name": "Gardevoir",
        "image": "images/gardevoir.jpg"
    },
    {
        "id": 283,
        "name": "Surskit",
        "image": "images/surskit.jpg"
    },
    {
        "id": 284,
        "name": "Masquerain",
        "image": "images/masquerain.jpg"
    },
    {
        "id": 285,
        "name": "Shroomish",
        "image": "images/shroomish.jpg"
    },
    {
        "id": 286,
        "name": "Breloom",
        "image": "images/breloom.jpg"
    },
    {
        "id": 287,
        "name": "Slakoth",
        "image": "images/slakoth.jpg"
    },
    {
        "id": 288,
        "name": "Vigoroth",
        "image": "images/vigoroth.jpg"
    },
    {
        "id": 289,
        "name": "Slaking",
        "image": "images/slaking.jpg"
    },
    {
        "id": 290,
        "name": "Nincada",
        "image": "images/nincada.jpg"
    },
    {
        "id": 291,
        "name": "Ninjask",
        "image": "images/ninjask.jpg"
    },
    {
        "id": 292,
        "name": "Shedinja",
        "image": "images/shedinja.jpg"
    },
    {
        "id": 293,
        "name": "Whismur",
        "image": "images/whismur.jpg"
    },
    {
        "id": 294,
        "name": "Loudred",
        "image": "images/loudred.jpg"
    },
    {
        "id": 295,
        "name": "Exploud",
        "image": "images/exploud.jpg"
    },
    {
        "id": 296,
        "name": "Makuhita",
        "image": "images/makuhita.jpg"
    },
    {
        "id": 297,
        "name": "Hariyama",
        "image": "images/hariyama.jpg"
    },
    {
        "id": 298,
        "name": "Azurill",
        "image": "images/azurill.jpg"
    },
    {
        "id": 299,
        "name": "Nosepass",
        "image": "images/nosepass.jpg"
    },
    {
        "id": 300,
        "name": "Skitty",
        "image": "images/skitty.jpg"
    },
    {
        "id": 301,
        "name": "Delcatty",
        "image": "images/delcatty.jpg"
    },
    {
        "id": 302,
        "name": "Sableye",
        "image": "images/sableye.jpg"
    },
    {
        "id": 303,
        "name": "Mawile",
        "image": "images/mawile.jpg"
    },
    {
        "id": 304,
        "name": "Aron",
        "image": "images/aron.jpg"
    },
    {
        "id": 305,
        "name": "Lairon",
        "image": "images/lairon.jpg"
    },
    {
        "id": 306,
        "name": "Aggron",
        "image": "images/aggron.jpg"
    },
    {
        "id": 307,
        "name": "Meditite",
        "image": "images/meditite.jpg"
    },
    {
        "id": 308,
        "name": "Medicham",
        "image": "images/medicham.jpg"
    },
    {
        "id": 309,
        "name": "Electrike",
        "image": "images/electrike.jpg"
    },
    {
        "id": 310,
        "name": "Manectric",
        "image": "images/manectric.jpg"
    },
    {
        "id": 311,
        "name": "Plusle",
        "image": "images/plusle.jpg"
    },
    {
        "id": 312,
        "name": "Minun",
        "image": "images/minun.jpg"
    },
    {
        "id": 313,
        "name": "Volbeat",
        "image": "images/volbeat.jpg"
    },
    {
        "id": 314,
        "name": "Illumise",
        "image": "images/illumise.jpg"
    },
    {
        "id": 315,
        "name": "Roselia",
        "image": "images/roselia.jpg"
    },
    {
        "id": 316,
        "name": "Gulpin",
        "image": "images/gulpin.jpg"
    },
    {
        "id": 317,
        "name": "Swalot",
        "image": "images/swalot.jpg"
    },
    {
        "id": 318,
        "name": "Carvanha",
        "image": "images/carvanha.jpg"
    },
    {
        "id": 319,
        "name": "Sharpedo",
        "image": "images/sharpedo.jpg"
    },
    {
        "id": 320,
        "name": "Wailmer",
        "image": "images/wailmer.jpg"
    },
    {
        "id": 321,
        "name": "Wailord",
        "image": "images/wailord.jpg"
    },
    {
        "id": 322,
        "name": "Numel",
        "image": "images/numel.jpg"
    },
    {
        "id": 323,
        "name": "Camerupt",
        "image": "images/camerupt.jpg"
    },
    {
        "id": 324,
        "name": "Torkoal",
        "image": "images/torkoal.jpg"
    },
    {
        "id": 325,
        "name": "Spoink",
        "image": "images/spoink.jpg"
    },
    {
        "id": 326,
        "name": "Grumpig",
        "image": "images/grumpig.jpg"
    },
    {
        "id": 327,
        "name": "Spinda",
        "image": "images/spinda.jpg"
    },
    {
        "id": 328,
        "name": "Trapinch",
        "image": "images/trapinch.jpg"
    },
    {
        "id": 329,
        "name": "Vibrava",
        "image": "images/vibrava.jpg"
    },
    {
        "id": 330,
        "name": "Flygon",
        "image": "images/flygon.jpg"
    },
    {
        "id": 331,
        "name": "Cacnea",
        "image": "images/cacnea.jpg"
    },
    {
        "id": 332,
        "name": "Cacturne",
        "image": "images/cacturne.jpg"
    },
    {
        "id": 333,
        "name": "Swablu",
        "image": "images/swablu.jpg"
    },
    {
        "id": 334,
        "name": "Altaria",
        "image": "images/altaria.jpg"
    },
    {
        "id": 335,
        "name": "Zangoose",
        "image": "images/zangoose.jpg"
    },
    {
        "id": 336,
        "name": "Seviper",
        "image": "images/seviper.jpg"
    },
    {
        "id": 337,
        "name": "Lunatone",
        "image": "images/lunatone.jpg"
    },
    {
        "id": 338,
        "name": "Solrock",
        "image": "images/solrock.jpg"
    },
    {
        "id": 339,
        "name": "Barboach",
        "image": "images/barboach.jpg"
    },
    {
        "id": 340,
        "name": "Whiscash",
        "image": "images/whiscash.jpg"
    },
    {
        "id": 341,
        "name": "Corphish",
        "image": "images/corphish.jpg"
    },
    {
        "id": 342,
        "name": "Crawdaunt",
        "image": "images/crawdaunt.jpg"
    },
    {
        "id": 343,
        "name": "Baltoy",
        "image": "images/baltoy.jpg"
    },
    {
        "id": 344,
        "name": "Claydol",
        "image": "images/claydol.jpg"
    },
    {
        "id": 345,
        "name": "Lileep",
        "image": "images/lileep.jpg"
    },
    {
        "id": 346,
        "name": "Cradily",
        "image": "images/cradily.jpg"
    },
    {
        "id": 347,
        "name": "Anorith",
        "image": "images/anorith.jpg"
    },
    {
        "id": 348,
        "name": "Armaldo",
        "image": "images/armaldo.jpg"
    },
    {
        "id": 349,
        "name": "Feebas",
        "image": "images/feebas.jpg"
    },
    {
        "id": 350,
        "name": "Milotic",
        "image": "images/milotic.jpg"
    },
    {
        "id": 351,
        "name": "Castform",
        "image": "images/castform.jpg"
    },
    {
        "id": 352,
        "name": "Kecleon",
        "image": "images/kecleon.jpg"
    },
    {
        "id": 353,
        "name": "Shuppet",
        "image": "images/shuppet.jpg"
    },
    {
        "id": 354,
        "name": "Banette",
        "image": "images/banette.jpg"
    },
    {
        "id": 355,
        "name": "Duskull",
        "image": "images/duskull.jpg"
    },
    {
        "id": 356,
        "name": "Dusclops",
        "image": "images/dusclops.jpg"
    },
    {
        "id": 357,
        "name": "Tropius",
        "image": "images/tropius.jpg"
    },
    {
        "id": 358,
        "name": "Chimecho",
        "image": "images/chimecho.jpg"
    },
    {
        "id": 359,
        "name": "Absol",
        "image": "images/absol.jpg"
    },
    {
        "id": 360,
        "name": "Wynaut",
        "image": "images/wynaut.jpg"
    },
    {
        "id": 361,
        "name": "Snorunt",
        "image": "images/snorunt.jpg"
    },
    {
        "id": 362,
        "name": "Glalie",
        "image": "images/glalie.jpg"
    },
    {
        "id": 363,
        "name": "Spheal",
        "image": "images/spheal.jpg"
    },
    {
        "id": 364,
        "name": "Sealeo",
        "image": "images/sealeo.jpg"
    },
    {
        "id": 365,
        "name": "Walrein",
        "image": "images/walrein.jpg"
    },
    {
        "id": 366,
        "name": "Clamperl",
        "image": "images/clamperl.jpg"
    },
    {
        "id": 367,
        "name": "Huntail",
        "image": "images/huntail.jpg"
    },
    {
        "id": 368,
        "name": "Gorebyss",
        "image": "images/gorebyss.jpg"
    },
    {
        "id": 369,
        "name": "Relicanth",
        "image": "images/relicanth.jpg"
    },
    {
        "id": 370,
        "name": "Luvdisc",
        "image": "images/luvdisc.jpg"
    },
    {
        "id": 371,
        "name": "Bagon",
        "image": "images/bagon.jpg"
    },
    {
        "id": 372,
        "name": "Shelgon",
        "image": "images/shelgon.jpg"
    },
    {
        "id": 373,
        "name": "Salamence",
        "image": "images/salamence.jpg"
    },
    {
        "id": 374,
        "name": "Beldum",
        "image": "images/beldum.jpg"
    },
    {
        "id": 375,
        "name": "Metang",
        "image": "images/metang.jpg"
    },
    {
        "id": 376,
        "name": "Metagross",
        "image": "images/metagross.jpg"
    },
    {
        "id": 377,
        "name": "Regirock",
        "image": "images/regirock.jpg"
    },
    {
        "id": 378,
        "name": "Regice",
        "image": "images/regice.jpg"
    },
    {
        "id": 379,
        "name": "Registeel",
        "image": "images/registeel.jpg"
    },
    {
        "id": 380,
        "name": "Latias",
        "image": "images/latias.jpg"
    },
    {
        "id": 381,
        "name": "Latios",
        "image": "images/latios.jpg"
    },
    {
        "id": 382,
        "name": "Kyogre",
        "image": "images/kyogre.jpg"
    },
    {
        "id": 383,
        "name": "Groudon",
        "image": "images/groudon.jpg"
    },
    {
        "id": 384,
        "name": "Rayquaza",
        "image": "images/rayquaza.jpg"
    },
    {
        "id": 385,
        "name": "Jirachi",
        "image": "images/jirachi.jpg"
    },
    {
        "id": 386,
        "name": "Deoxys",
        "image": "images/deoxys.jpg"
    },
    {
        "id": 387,
        "name": "Turtwig",
        "image": "images/turtwig.jpg"
    },
    {
        "id": 388,
        "name": "Grotle",
        "image": "images/grotle.jpg"
    },
    {
        "id": 389,
        "name": "Torterra",
        "image": "images/torterra.jpg"
    },
    {
        "id": 390,
        "name": "Chimchar",
        "image": "images/chimchar.jpg"
    },
    {
        "id": 391,
        "name": "Monferno",
        "image": "images/monferno.jpg"
    },
    {
        "id": 392,
        "name": "Infernape",
        "image": "images/infernape.jpg"
    },
    {
        "id": 393,
        "name": "Piplup",
        "image": "images/piplup.jpg"
    },
    {
        "id": 394,
        "name": "Prinplup",
        "image": "images/prinplup.jpg"
    },
    {
        "id": 395,
        "name": "Empoleon",
        "image": "images/empoleon.jpg"
    },
    {
        "id": 396,
        "name": "Starly",
        "image": "images/starly.jpg"
    },
    {
        "id": 397,
        "name": "Staravia",
        "image": "images/staravia.jpg"
    },
    {
        "id": 398,
        "name": "Staraptor",
        "image": "images/staraptor.jpg"
    },
    {
        "id": 399,
        "name": "Bidoof",
        "image": "images/bidoof.jpg"
    },
    {
        "id": 400,
        "name": "Bibarel",
        "image": "images/bibarel.jpg"
    },
    {
        "id": 401,
        "name": "Kricketot",
        "image": "images/kricketot.jpg"
    },
    {
        "id": 402,
        "name": "Kricketune",
        "image": "images/kricketune.jpg"
    },
    {
        "id": 403,
        "name": "Shinx",
        "image": "images/shinx.jpg"
    },
    {
        "id": 404,
        "name": "Luxio",
        "image": "images/luxio.jpg"
    },
    {
        "id": 405,
        "name": "Luxray",
        "image": "images/luxray.jpg"
    },
    {
        "id": 406,
        "name": "Budew",
        "image": "images/budew.jpg"
    },
    {
        "id": 407,
        "name": "Roserade",
        "image": "images/roserade.jpg"
    },
    {
        "id": 408,
        "name": "Cranidos",
        "image": "images/cranidos.jpg"
    },
    {
        "id": 409,
        "name": "Rampardos",
        "image": "images/rampardos.jpg"
    },
    {
        "id": 410,
        "name": "Shieldon",
        "image": "images/shieldon.jpg"
    },
    {
        "id": 411,
        "name": "Bastiodon",
        "image": "images/bastiodon.jpg"
    },
    {
        "id": 412,
        "name": "Burmy",
        "image": "images/burmy.jpg"
    },
    {
        "id": 413,
        "name": "Wormadam",
        "image": "images/wormadam.jpg"
    },
    {
        "id": 414,
        "name": "Mothim",
        "image": "images/mothim.jpg"
    },
    {
        "id": 415,
        "name": "Combee",
        "image": "images/combee.jpg"
    },
    {
        "id": 416,
        "name": "Vespiquen",
        "image": "images/vespiquen.jpg"
    },
    {
        "id": 417,
        "name": "Pachirisu",
        "image": "images/pachirisu.jpg"
    },
    {
        "id": 418,
        "name": "Buizel",
        "image": "images/buizel.jpg"
    },
    {
        "id": 419,
        "name": "Floatzel",
        "image": "images/floatzel.jpg"
    },
    {
        "id": 420,
        "name": "Cherubi",
        "image": "images/cherubi.jpg"
    },
    {
        "id": 421,
        "name": "Cherrim",
        "image": "images/cherrim.jpg"
    },
    {
        "id": 422,
        "name": "Shellos",
        "image": "images/shellos.jpg"
    },
    {
        "id": 423,
        "name": "Gastrodon",
        "image": "images/gastrodon.jpg"
    },
    {
        "id": 424,
        "name": "Ambipom",
        "image": "images/ambipom.jpg"
    },
    {
        "id": 425,
        "name": "Drifloon",
        "image": "images/drifloon.jpg"
    },
    {
        "id": 426,
        "name": "Drifblim",
        "image": "images/drifblim.jpg"
    },
    {
        "id": 427,
        "name": "Buneary",
        "image": "images/buneary.jpg"
    },
    {
        "id": 428,
        "name": "Lopunny",
        "image": "images/lopunny.jpg"
    },
    {
        "id": 429,
        "name": "Mismagius",
        "image": "images/mismagius.jpg"
    },
    {
        "id": 430,
        "name": "Honchkrow",
        "image": "images/honchkrow.jpg"
    },
    {
        "id": 431,
        "name": "Glameow",
        "image": "images/glameow.jpg"
    },
    {
        "id": 432,
        "name": "Purugly",
        "image": "images/purugly.jpg"
    },
    {
        "id": 433,
        "name": "Chingling",
        "image": "images/chingling.jpg"
    },
    {
        "id": 434,
        "name": "Stunky",
        "image": "images/stunky.jpg"
    },
    {
        "id": 435,
        "name": "Skuntank",
        "image": "images/skuntank.jpg"
    },
    {
        "id": 436,
        "name": "Bronzor",
        "image": "images/bronzor.jpg"
    },
    {
        "id": 437,
        "name": "Bronzong",
        "image": "images/bronzong.jpg"
    },
    {
        "id": 438,
        "name": "Bonsly",
        "image": "images/bonsly.jpg"
    },
    {
        "id": 440,
        "name": "Happiny",
        "image": "images/happiny.jpg"
    },
    {
        "id": 441,
        "name": "Chatot",
        "image": "images/chatot.jpg"
    },
    {
        "id": 442,
        "name": "Spiritomb",
        "image": "images/spiritomb.jpg"
    },
    {
        "id": 443,
        "name": "Gible",
        "image": "images/gible.jpg"
    },
    {
        "id": 444,
        "name": "Gabite",
        "image": "images/gabite.jpg"
    },
    {
        "id": 445,
        "name": "Garchomp",
        "image": "images/garchomp.jpg"
    },
    {
        "id": 446,
        "name": "Munchlax",
        "image": "images/munchlax.jpg"
    },
    {
        "id": 447,
        "name": "Riolu",
        "image": "images/riolu.jpg"
    },
    {
        "id": 448,
        "name": "Lucario",
        "image": "images/lucario.jpg"
    },
    {
        "id": 449,
        "name": "Hippopotas",
        "image": "images/hippopotas.jpg"
    },
    {
        "id": 450,
        "name": "Hippowdon",
        "image": "images/hippowdon.jpg"
    },
    {
        "id": 451,
        "name": "Skorupi",
        "image": "images/skorupi.jpg"
    },
    {
        "id": 452,
        "name": "Drapion",
        "image": "images/drapion.jpg"
    },
    {
        "id": 453,
        "name": "Croagunk",
        "image": "images/croagunk.jpg"
    },
    {
        "id": 454,
        "name": "Toxicroak",
        "image": "images/toxicroak.jpg"
    },
    {
        "id": 455,
        "name": "Carnivine",
        "image": "images/carnivine.jpg"
    },
    {
        "id": 456,
        "name": "Finneon",
        "image": "images/finneon.jpg"
    },
    {
        "id": 457,
        "name": "Lumineon",
        "image": "images/lumineon.jpg"
    },
    {
        "id": 458,
        "name": "Mantyke",
        "image": "images/mantyke.jpg"
    },
    {
        "id": 459,
        "name": "Snover",
        "image": "images/snover.jpg"
    },
    {
        "id": 460,
        "name": "Abomasnow",
        "image": "images/abomasnow.jpg"
    },
    {
        "id": 461,
        "name": "Weavile",
        "image": "images/weavile.jpg"
    },
    {
        "id": 462,
        "name": "Magnezone",
        "image": "images/magnezone.jpg"
    },
    {
        "id": 463,
        "name": "Lickilicky",
        "image": "images/lickilicky.jpg"
    },
    {
        "id": 464,
        "name": "Rhyperior",
        "image": "images/rhyperior.jpg"
    },
    {
        "id": 465,
        "name": "Tangrowth",
        "image": "images/tangrowth.jpg"
    },
    {
        "id": 466,
        "name": "Electivire",
        "image": "images/electivire.jpg"
    },
    {
        "id": 467,
        "name": "Magmortar",
        "image": "images/magmortar.jpg"
    },
    {
        "id": 468,
        "name": "Togekiss",
        "image": "images/togekiss.jpg"
    },
    {
        "id": 469,
        "name": "Yanmega",
        "image": "images/yanmega.jpg"
    },
    {
        "id": 470,
        "name": "Leafeon",
        "image": "images/leafeon.jpg"
    },
    {
        "id": 471,
        "name": "Glaceon",
        "image": "images/glaceon.jpg"
    },
    {
        "id": 472,
        "name": "Gliscor",
        "image": "images/gliscor.jpg"
    },
    {
        "id": 473,
        "name": "Mamoswine",
        "image": "images/mamoswine.jpg"
    },
    {
        "id": 474,
        "name": "Porygon-Z",
        "image": "images/porygon-z.jpg"
    },
    {
        "id": 475,
        "name": "Gallade",
        "image": "images/gallade.jpg"
    },
    {
        "id": 476,
        "name": "Probopass",
        "image": "images/probopass.jpg"
    },
    {
        "id": 477,
        "name": "Dusknoir",
        "image": "images/dusknoir.jpg"
    },
    {
        "id": 478,
        "name": "Froslass",
        "image": "images/froslass.jpg"
    },
    {
        "id": 479,
        "name": "Rotom",
        "image": "images/rotom.jpg"
    },
    {
        "id": 480,
        "name": "Uxie",
        "image": "images/uxie.jpg"
    },
    {
        "id": 481,
        "name": "Mesprit",
        "image": "images/mesprit.jpg"
    },
    {
        "id": 482,
        "name": "Azelf",
        "image": "images/azelf.jpg"
    },
    {
        "id": 483,
        "name": "Dialga",
        "image": "images/dialga.jpg"
    },
    {
        "id": 484,
        "name": "Palkia",
        "image": "images/palkia.jpg"
    },
    {
        "id": 485,
        "name": "Heatran",
        "image": "images/heatran.jpg"
    },
    {
        "id": 486,
        "name": "Regigigas",
        "image": "images/regigigas.jpg"
    },
    {
        "id": 488,
        "name": "Cresselia",
        "image": "images/cresselia.jpg"
    },
    {
        "id": 489,
        "name": "Phione",
        "image": "images/phione.jpg"
    },
    {
        "id": 490,
        "name": "Manaphy",
        "image": "images/manaphy.jpg"
    },
    {
        "id": 491,
        "name": "Darkrai",
        "image": "images/darkrai.jpg"
    },
    {
        "id": 493,
        "name": "Arceus",
        "image": "images/arceus.jpg"
    },
    {
        "id": 494,
        "name": "Victini",
        "image": "images/victini.jpg"
    },
    {
        "id": 495,
        "name": "Snivy",
        "image": "images/snivy.jpg"
    },
    {
        "id": 496,
        "name": "Servine",
        "image": "images/servine.jpg"
    },
    {
        "id": 497,
        "name": "Serperior",
        "image": "images/serperior.jpg"
    },
    {
        "id": 498,
        "name": "Tepig",
        "image": "images/tepig.jpg"
    },
    {
        "id": 499,
        "name": "Pignite",
        "image": "images/pignite.jpg"
    },
    {
        "id": 500,
        "name": "Emboar",
        "image": "images/emboar.jpg"
    },
    {
        "id": 501,
        "name": "Oshawott",
        "image": "images/oshawott.jpg"
    },
    {
        "id": 502,
        "name": "Dewott",
        "image": "images/dewott.jpg"
    },
    {
        "id": 503,
        "name": "Samurott",
        "image": "images/samurott.jpg"
    },
    {
        "id": 504,
        "name": "Patrat",
        "image": "images/patrat.jpg"
    },
    {
        "id": 505,
        "name": "Watchog",
        "image": "images/watchog.jpg"
    },
    {
        "id": 506,
        "name": "Lillipup",
        "image": "images/lillipup.jpg"
    },
    {
        "id": 507,
        "name": "Herdier",
        "image": "images/herdier.jpg"
    },
    {
        "id": 508,
        "name": "Stoutland",
        "image": "images/stoutland.jpg"
    },
    {
        "id": 509,
        "name": "Purrloin",
        "image": "images/purrloin.jpg"
    },
    {
        "id": 510,
        "name": "Liepard",
        "image": "images/liepard.jpg"
    },
    {
        "id": 511,
        "name": "Pansage",
        "image": "images/pansage.jpg"
    },
    {
        "id": 512,
        "name": "Simisage",
        "image": "images/simisage.jpg"
    },
    {
        "id": 513,
        "name": "Pansear",
        "image": "images/pansear.jpg"
    },
    {
        "id": 514,
        "name": "Simisear",
        "image": "images/simisear.jpg"
    },
    {
        "id": 515,
        "name": "Panpour",
        "image": "images/panpour.jpg"
    },
    {
        "id": 516,
        "name": "Simipour",
        "image": "images/simipour.jpg"
    },
    {
        "id": 517,
        "name": "Munna",
        "image": "images/munna.jpg"
    },
    {
        "id": 518,
        "name": "Musharna",
        "image": "images/musharna.jpg"
    },
    {
        "id": 519,
        "name": "Pidove",
        "image": "images/pidove.jpg"
    },
    {
        "id": 520,
        "name": "Tranquill",
        "image": "images/tranquill.jpg"
    },
    {
        "id": 521,
        "name": "Unfezant",
        "image": "images/unfezant.jpg"
    },
    {
        "id": 522,
        "name": "Blitzle",
        "image": "images/blitzle.jpg"
    },
    {
        "id": 523,
        "name": "Zebstrika",
        "image": "images/zebstrika.jpg"
    },
    {
        "id": 524,
        "name": "Roggenrola",
        "image": "images/roggenrola.jpg"
    },
    {
        "id": 525,
        "name": "Boldore",
        "image": "images/boldore.jpg"
    },
    {
        "id": 526,
        "name": "Gigalith",
        "image": "images/gigalith.jpg"
    },
    {
        "id": 527,
        "name": "Woobat",
        "image": "images/woobat.jpg"
    },
    {
        "id": 528,
        "name": "Swoobat",
        "image": "images/swoobat.jpg"
    },
    {
        "id": 529,
        "name": "Drilbur",
        "image": "images/drilbur.jpg"
    },
    {
        "id": 530,
        "name": "Excadrill",
        "image": "images/excadrill.jpg"
    },
    {
        "id": 531,
        "name": "Audino",
        "image": "images/audino.jpg"
    },
    {
        "id": 532,
        "name": "Timburr",
        "image": "images/timburr.jpg"
    },
    {
        "id": 533,
        "name": "Gurdurr",
        "image": "images/gurdurr.jpg"
    },
    {
        "id": 534,
        "name": "Conkeldurr",
        "image": "images/conkeldurr.jpg"
    },
    {
        "id": 535,
        "name": "Tympole",
        "image": "images/tympole.jpg"
    },
    {
        "id": 536,
        "name": "Palpitoad",
        "image": "images/palpitoad.jpg"
    },
    {
        "id": 537,
        "name": "Seismitoad",
        "image": "images/seismitoad.jpg"
    },
    {
        "id": 538,
        "name": "Throh",
        "image": "images/throh.jpg"
    },
    {
        "id": 539,
        "name": "Sawk",
        "image": "images/sawk.jpg"
    },
    {
        "id": 540,
        "name": "Sewaddle",
        "image": "images/sewaddle.jpg"
    },
    {
        "id": 541,
        "name": "Swadloon",
        "image": "images/swadloon.jpg"
    },
    {
        "id": 542,
        "name": "Leavanny",
        "image": "images/leavanny.jpg"
    },
    {
        "id": 543,
        "name": "Venipede",
        "image": "images/venipede.jpg"
    },
    {
        "id": 544,
        "name": "Whirlipede",
        "image": "images/whirlipede.jpg"
    },
    {
        "id": 545,
        "name": "Scolipede",
        "image": "images/scolipede.jpg"
    },
    {
        "id": 546,
        "name": "Cottonee",
        "image": "images/cottonee.jpg"
    },
    {
        "id": 547,
        "name": "Whimsicott",
        "image": "images/whimsicott.jpg"
    },
    {
        "id": 548,
        "name": "Petilil",
        "image": "images/petilil.jpg"
    },
    {
        "id": 549,
        "name": "Lilligant",
        "image": "images/lilligant.jpg"
    },
    {
        "id": 550,
        "name": "Basculin",
        "image": "images/basculin.jpg"
    },
    {
        "id": 551,
        "name": "Sandile",
        "image": "images/sandile.jpg"
    },
    {
        "id": 552,
        "name": "Krokorok",
        "image": "images/krokorok.jpg"
    },
    {
        "id": 553,
        "name": "Krookodile",
        "image": "images/krookodile.jpg"
    },
    {
        "id": 554,
        "name": "Darumaka",
        "image": "images/darumaka.jpg"
    },
    {
        "id": 555,
        "name": "Darmanitan",
        "image": "images/darmanitan.jpg"
    },
    {
        "id": 556,
        "name": "Maractus",
        "image": "images/maractus.jpg"
    },
    {
        "id": 557,
        "name": "Dwebble",
        "image": "images/dwebble.jpg"
    },
    {
        "id": 558,
        "name": "Crustle",
        "image": "images/crustle.jpg"
    },
    {
        "id": 559,
        "name": "Scraggy",
        "image": "images/scraggy.jpg"
    },
    {
        "id": 560,
        "name": "Scrafty",
        "image": "images/scrafty.jpg"
    },
    {
        "id": 561,
        "name": "Sigilyph",
        "image": "images/sigilyph.jpg"
    },
    {
        "id": 562,
        "name": "Yamask",
        "image": "images/yamask.jpg"
    },
    {
        "id": 563,
        "name": "Cofagrigus",
        "image": "images/cofagrigus.jpg"
    },
    {
        "id": 564,
        "name": "Tirtouga",
        "image": "images/tirtouga.jpg"
    },
    {
        "id": 565,
        "name": "Carracosta",
        "image": "images/carracosta.jpg"
    },
    {
        "id": 566,
        "name": "Archen",
        "image": "images/archen.jpg"
    },
    {
        "id": 567,
        "name": "Archeops",
        "image": "images/archeops.jpg"
    },
    {
        "id": 568,
        "name": "Trubbish",
        "image": "images/trubbish.jpg"
    },
    {
        "id": 569,
        "name": "Garbodor",
        "image": "images/garbodor.jpg"
    },
    {
        "id": 570,
        "name": "Zorua",
        "image": "images/zorua.jpg"
    },
    {
        "id": 571,
        "name": "Zoroark",
        "image": "images/zoroark.jpg"
    },
    {
        "id": 572,
        "name": "Minccino",
        "image": "images/minccino.jpg"
    },
    {
        "id": 573,
        "name": "Cinccino",
        "image": "images/cinccino.jpg"
    },
    {
        "id": 574,
        "name": "Gothita",
        "image": "images/gothita.jpg"
    },
    {
        "id": 575,
        "name": "Gothorita",
        "image": "images/gothorita.jpg"
    },
    {
        "id": 576,
        "name": "Gothitelle",
        "image": "images/gothitelle.jpg"
    },
    {
        "id": 577,
        "name": "Solosis",
        "image": "images/solosis.jpg"
    },
    {
        "id": 578,
        "name": "Duosion",
        "image": "images/duosion.jpg"
    },
    {
        "id": 579,
        "name": "Reuniclus",
        "image": "images/reuniclus.jpg"
    },
    {
        "id": 580,
        "name": "Ducklett",
        "image": "images/ducklett.jpg"
    },
    {
        "id": 581,
        "name": "Swanna",
        "image": "images/swanna.jpg"
    },
    {
        "id": 582,
        "name": "Vanillite",
        "image": "images/vanillite.jpg"
    },
    {
        "id": 583,
        "name": "Vanillish",
        "image": "images/vanillish.jpg"
    },
    {
        "id": 584,
        "name": "Vanilluxe",
        "image": "images/vanilluxe.jpg"
    },
    {
        "id": 585,
        "name": "Deerling",
        "image": "images/deerling.jpg"
    },
    {
        "id": 586,
        "name": "Sawsbuck",
        "image": "images/sawsbuck.jpg"
    },
    {
        "id": 587,
        "name": "Emolga",
        "image": "images/emolga.jpg"
    },
    {
        "id": 588,
        "name": "Karrablast",
        "image": "images/karrablast.jpg"
    },
    {
        "id": 589,
        "name": "Escavalier",
        "image": "images/escavalier.jpg"
    },
    {
        "id": 590,
        "name": "Foongus",
        "image": "images/foongus.jpg"
    },
    {
        "id": 591,
        "name": "Amoonguss",
        "image": "images/amoonguss.jpg"
    },
    {
        "id": 592,
        "name": "Frillish",
        "image": "images/frillish.jpg"
    },
    {
        "id": 593,
        "name": "Jellicent",
        "image": "images/jellicent.jpg"
    },
    {
        "id": 594,
        "name": "Alomomola",
        "image": "images/alomomola.jpg"
    },
    {
        "id": 595,
        "name": "Joltik",
        "image": "images/joltik.jpg"
    },
    {
        "id": 596,
        "name": "Galvantula",
        "image": "images/galvantula.jpg"
    },
    {
        "id": 597,
        "name": "Ferroseed",
        "image": "images/ferroseed.jpg"
    },
    {
        "id": 598,
        "name": "Ferrothorn",
        "image": "images/ferrothorn.jpg"
    },
    {
        "id": 599,
        "name": "Klink",
        "image": "images/klink.jpg"
    },
    {
        "id": 600,
        "name": "Klang",
        "image": "images/klang.jpg"
    },
    {
        "id": 601,
        "name": "Klinklang",
        "image": "images/klinklang.jpg"
    },
    {
        "id": 602,
        "name": "Tynamo",
        "image": "images/tynamo.jpg"
    },
    {
        "id": 603,
        "name": "Eelektrik",
        "image": "images/eelektrik.jpg"
    },
    {
        "id": 604,
        "name": "Eelektross",
        "image": "images/eelektross.jpg"
    },
    {
        "id": 605,
        "name": "Elgyem",
        "image": "images/elgyem.jpg"
    },
    {
        "id": 606,
        "name": "Beheeyem",
        "image": "images/beheeyem.jpg"
    },
    {
        "id": 607,
        "name": "Litwick",
        "image": "images/litwick.jpg"
    },
    {
        "id": 608,
        "name": "Lampent",
        "image": "images/lampent.jpg"
    },
    {
        "id": 609,
        "name": "Chandelure",
        "image": "images/chandelure.jpg"
    },
    {
        "id": 610,
        "name": "Axew",
        "image": "images/axew.jpg"
    },
    {
        "id": 611,
        "name": "Fraxure",
        "image": "images/fraxure.jpg"
    },
    {
        "id": 612,
        "name": "Haxorus",
        "image": "images/haxorus.jpg"
    },
    {
        "id": 613,
        "name": "Cubchoo",
        "image": "images/cubchoo.jpg"
    },
    {
        "id": 614,
        "name": "Beartic",
        "image": "images/beartic.jpg"
    },
    {
        "id": 615,
        "name": "Cryogonal",
        "image": "images/cryogonal.jpg"
    },
    {
        "id": 616,
        "name": "Shelmet",
        "image": "images/shelmet.jpg"
    },
    {
        "id": 617,
        "name": "Accelgor",
        "image": "images/accelgor.jpg"
    },
    {
        "id": 618,
        "name": "Stunfisk",
        "image": "images/stunfisk.jpg"
    },
    {
        "id": 619,
        "name": "Mienfoo",
        "image": "images/mienfoo.jpg"
    },
    {
        "id": 620,
        "name": "Mienshao",
        "image": "images/mienshao.jpg"
    },
    {
        "id": 621,
        "name": "Druddigon",
        "image": "images/druddigon.jpg"
    },
    {
        "id": 622,
        "name": "Golett",
        "image": "images/golett.jpg"
    },
    {
        "id": 623,
        "name": "Golurk",
        "image": "images/golurk.jpg"
    },
    {
        "id": 624,
        "name": "Pawniard",
        "image": "images/pawniard.jpg"
    },
    {
        "id": 625,
        "name": "Bisharp",
        "image": "images/bisharp.jpg"
    },
    {
        "id": 626,
        "name": "Bouffalant",
        "image": "images/bouffalant.jpg"
    },
    {
        "id": 627,
        "name": "Rufflet",
        "image": "images/rufflet.jpg"
    },
    {
        "id": 628,
        "name": "Braviary",
        "image": "images/braviary.jpg"
    },
    {
        "id": 629,
        "name": "Vullaby",
        "image": "images/vullaby.jpg"
    },
    {
        "id": 630,
        "name": "Mandibuzz",
        "image": "images/mandibuzz.jpg"
    },
    {
        "id": 631,
        "name": "Heatmor",
        "image": "images/heatmor.jpg"
    },
    {
        "id": 632,
        "name": "Durant",
        "image": "images/durant.jpg"
    },
    {
        "id": 633,
        "name": "Deino",
        "image": "images/deino.jpg"
    },
    {
        "id": 634,
        "name": "Zweilous",
        "image": "images/zweilous.jpg"
    },
    {
        "id": 635,
        "name": "Hydreigon",
        "image": "images/hydreigon.jpg"
    },
    {
        "id": 636,
        "name": "Larvesta",
        "image": "images/larvesta.jpg"
    },
    {
        "id": 637,
        "name": "Volcarona",
        "image": "images/volcarona.jpg"
    },
    {
        "id": 638,
        "name": "Cobalion",
        "image": "images/cobalion.jpg"
    },
    {
        "id": 639,
        "name": "Terrakion",
        "image": "images/terrakion.jpg"
    },
    {
        "id": 640,
        "name": "Virizion",
        "image": "images/virizion.jpg"
    },
    {
        "id": 641,
        "name": "Tornadus",
        "image": "images/tornadus.jpg"
    },
    {
        "id": 642,
        "name": "Thundurus",
        "image": "images/thundurus.jpg"
    },
    {
        "id": 643,
        "name": "Reshiram",
        "image": "images/reshiram.jpg"
    },
    {
        "id": 644,
        "name": "Zekrom",
        "image": "images/zekrom.jpg"
    },
    {
        "id": 645,
        "name": "Landorus",
        "image": "images/landorus.jpg"
    },
    {
        "id": 646,
        "name": "Kyurem",
        "image": "images/kyurem.jpg"
    },
    {
        "id": 647,
        "name": "Keldeo",
        "image": "images/keldeo.jpg"
    },
    {
        "id": 648,
        "name": "Meloetta",
        "image": "images/meloetta.jpg"
    },
    {
        "id": 649,
        "name": "Genesect",
        "image": "images/genesect.jpg"
    },
    {
        "id": 650,
        "name": "Chespin",
        "image": "images/chespin.jpg"
    },
    {
        "id": 651,
        "name": "Quilladin",
        "image": "images/quilladin.jpg"
    },
    {
        "id": 652,
        "name": "Chesnaught",
        "image": "images/chesnaught.jpg"
    },
    {
        "id": 653,
        "name": "Fennekin",
        "image": "images/fennekin.jpg"
    },
    {
        "id": 654,
        "name": "Braixen",
        "image": "images/braixen.jpg"
    },
    {
        "id": 655,
        "name": "Delphox",
        "image": "images/delphox.jpg"
    },
    {
        "id": 656,
        "name": "Froakie",
        "image": "images/froakie.jpg"
    },
    {
        "id": 657,
        "name": "Frogadier",
        "image": "images/frogadier.jpg"
    },
    {
        "id": 658,
        "name": "Greninja",
        "image": "images/greninja.jpg"
    },
    {
        "id": 659,
        "name": "Bunnelby",
        "image": "images/bunnelby.jpg"
    },
    {
        "id": 660,
        "name": "Diggersby",
        "image": "images/diggersby.jpg"
    },
    {
        "id": 661,
        "name": "Fletchling",
        "image": "images/fletchling.jpg"
    },
    {
        "id": 662,
        "name": "Fletchinder",
        "image": "images/fletchinder.jpg"
    },
    {
        "id": 663,
        "name": "Talonflame",
        "image": "images/talonflame.jpg"
    },
    {
        "id": 664,
        "name": "Scatterbug",
        "image": "images/scatterbug.jpg"
    },
    {
        "id": 665,
        "name": "Spewpa",
        "image": "images/spewpa.jpg"
    },
    {
        "id": 666,
        "name": "Vivillon",
        "image": "images/vivillon.jpg"
    },
    {
        "id": 667,
        "name": "Litleo",
        "image": "images/litleo.jpg"
    },
    {
        "id": 668,
        "name": "Pyroar",
        "image": "images/pyroar.jpg"
    },
    {
        "id": 670,
        "name": "Floette",
        "image": "images/floette.jpg"
    },
    {
        "id": 671,
        "name": "Florges",
        "image": "images/florges.jpg"
    },
    {
        "id": 672,
        "name": "Skiddo",
        "image": "images/skiddo.jpg"
    },
    {
        "id": 673,
        "name": "Gogoat",
        "image": "images/gogoat.jpg"
    },
    {
        "id": 674,
        "name": "Pancham",
        "image": "images/pancham.jpg"
    },
    {
        "id": 675,
        "name": "Pangoro",
        "image": "images/pangoro.jpg"
    },
    {
        "id": 676,
        "name": "Furfrou",
        "image": "images/furfrou.jpg"
    },
    {
        "id": 677,
        "name": "Espurr",
        "image": "images/espurr.jpg"
    },
    {
        "id": 678,
        "name": "Meowstic",
        "image": "images/meowstic.jpg"
    },
    {
        "id": 679,
        "name": "Honedge",
        "image": "images/honedge.jpg"
    },
    {
        "id": 680,
        "name": "Doublade",
        "image": "images/doublade.jpg"
    },
    {
        "id": 681,
        "name": "Aegislash",
        "image": "images/aegislash.jpg"
    },
    {
        "id": 682,
        "name": "Spritzee",
        "image": "images/spritzee.jpg"
    },
    {
        "id": 683,
        "name": "Aromatisse",
        "image": "images/aromatisse.jpg"
    },
    {
        "id": 684,
        "name": "Swirlix",
        "image": "images/swirlix.jpg"
    },
    {
        "id": 685,
        "name": "Slurpuff",
        "image": "images/slurpuff.jpg"
    },
    {
        "id": 686,
        "name": "Inkay",
        "image": "images/inkay.jpg"
    },
    {
        "id": 687,
        "name": "Malamar",
        "image": "images/malamar.jpg"
    },
    {
        "id": 688,
        "name": "Binacle",
        "image": "images/binacle.jpg"
    },
    {
        "id": 689,
        "name": "Barbaracle",
        "image": "images/barbaracle.jpg"
    },
    {
        "id": 690,
        "name": "Skrelp",
        "image": "images/skrelp.jpg"
    },
    {
        "id": 691,
        "name": "Dragalge",
        "image": "images/dragalge.jpg"
    },
    {
        "id": 692,
        "name": "Clauncher",
        "image": "images/clauncher.jpg"
    },
    {
        "id": 693,
        "name": "Clawitzer",
        "image": "images/clawitzer.jpg"
    },
    {
        "id": 694,
        "name": "Helioptile",
        "image": "images/helioptile.jpg"
    },
    {
        "id": 695,
        "name": "Heliolisk",
        "image": "images/heliolisk.jpg"
    },
    {
        "id": 696,
        "name": "Tyrunt",
        "image": "images/tyrunt.jpg"
    },
    {
        "id": 697,
        "name": "Tyrantrum",
        "image": "images/tyrantrum.jpg"
    },
    {
        "id": 698,
        "name": "Amaura",
        "image": "images/amaura.jpg"
    },
    {
        "id": 699,
        "name": "Aurorus",
        "image": "images/aurorus.jpg"
    },
    {
        "id": 700,
        "name": "Sylveon",
        "image": "images/sylveon.jpg"
    },
    {
        "id": 701,
        "name": "Hawlucha",
        "image": "images/hawlucha.jpg"
    },
    {
        "id": 702,
        "name": "Dedenne",
        "image": "images/dedenne.jpg"
    },
    {
        "id": 703,
        "name": "Carbink",
        "image": "images/carbink.jpg"
    },
    {
        "id": 704,
        "name": "Goomy",
        "image": "images/goomy.jpg"
    },
    {
        "id": 705,
        "name": "Sliggoo",
        "image": "images/sliggoo.jpg"
    },
    {
        "id": 706,
        "name": "Goodra",
        "image": "images/goodra.jpg"
    },
    {
        "id": 707,
        "name": "Klefki",
        "image": "images/klefki.jpg"
    },
    {
        "id": 708,
        "name": "Phantump",
        "image": "images/phantump.jpg"
    },
    {
        "id": 709,
        "name": "Trevenant",
        "image": "images/trevenant.jpg"
    },
    {
        "id": 710,
        "name": "Pumpkaboo",
        "image": "images/pumpkaboo.jpg"
    },
    {
        "id": 711,
        "name": "Gourgeist",
        "image": "images/gourgeist.jpg"
    },
    {
        "id": 712,
        "name": "Bergmite",
        "image": "images/bergmite.jpg"
    },
    {
        "id": 713,
        "name": "Avalugg",
        "image": "images/avalugg.jpg"
    },
    {
        "id": 714,
        "name": "Noibat",
        "image": "images/noibat.jpg"
    },
    {
        "id": 715,
        "name": "Noivern",
        "image": "images/noivern.jpg"
    },
    {
        "id": 716,
        "name": "Xerneas",
        "image": "images/xerneas.jpg"
    },
    {
        "id": 717,
        "name": "Yveltal",
        "image": "images/yveltal.jpg"
    },
    {
        "id": 718,
        "name": "Zygarde",
        "image": "images/zygarde.jpg"
    },
    {
        "id": 719,
        "name": "Diancie",
        "image": "images/diancie.jpg"
    },
    {
        "id": 720,
        "name": "Hoopa",
        "image": "images/hoopa.jpg"
    },
    {
        "id": 721,
        "name": "Volcanion",
        "image": "images/volcanion.jpg"
    },
    {
        "id": 722,
        "name": "Rowlet",
        "image": "images/rowlet.jpg"
    },
    {
        "id": 723,
        "name": "Dartrix",
        "image": "images/dartrix.jpg"
    },
    {
        "id": 724,
        "name": "Decidueye",
        "image": "images/decidueye.jpg"
    },
    {
        "id": 725,
        "name": "Litten",
        "image": "images/litten.jpg"
    },
    {
        "id": 726,
        "name": "Torracat",
        "image": "images/torracat.jpg"
    },
    {
        "id": 727,
        "name": "Incineroar",
        "image": "images/incineroar.jpg"
    },
    {
        "id": 728,
        "name": "Popplio",
        "image": "images/popplio.jpg"
    },
    {
        "id": 729,
        "name": "Brionne",
        "image": "images/brionne.jpg"
    },
    {
        "id": 730,
        "name": "Primarina",
        "image": "images/primarina.jpg"
    },
    {
        "id": 731,
        "name": "Pikipek",
        "image": "images/pikipek.jpg"
    },
    {
        "id": 732,
        "name": "Trumbeak",
        "image": "images/trumbeak.jpg"
    },
    {
        "id": 733,
        "name": "Toucannon",
        "image": "images/toucannon.jpg"
    },
    {
        "id": 734,
        "name": "Yungoos",
        "image": "images/yungoos.jpg"
    },
    {
        "id": 735,
        "name": "Gumshoos",
        "image": "images/gumshoos.jpg"
    },
    {
        "id": 736,
        "name": "Grubbin",
        "image": "images/grubbin.jpg"
    },
    {
        "id": 737,
        "name": "Charjabug",
        "image": "images/charjabug.jpg"
    },
    {
        "id": 738,
        "name": "Vikavolt",
        "image": "images/vikavolt.jpg"
    },
    {
        "id": 739,
        "name": "Crabrawler",
        "image": "images/crabrawler.jpg"
    },
    {
        "id": 740,
        "name": "Crabominable",
        "image": "images/crabominable.jpg"
    },
    {
        "id": 741,
        "name": "Oricorio",
        "image": "images/oricorio.jpg"
    },
    {
        "id": 742,
        "name": "Cutiefly",
        "image": "images/cutiefly.jpg"
    },
    {
        "id": 743,
        "name": "Ribombee",
        "image": "images/ribombee.jpg"
    },
    {
        "id": 744,
        "name": "Rockruff",
        "image": "images/rockruff.jpg"
    },
    {
        "id": 746,
        "name": "Wishiwashi",
        "image": "images/wishiwashi.jpg"
    },
    {
        "id": 747,
        "name": "Mareanie",
        "image": "images/mareanie.jpg"
    },
    {
        "id": 748,
        "name": "Toxapex",
        "image": "images/toxapex.jpg"
    },
    {
        "id": 749,
        "name": "Mudbray",
        "image": "images/mudbray.jpg"
    },
    {
        "id": 750,
        "name": "Mudsdale",
        "image": "images/mudsdale.jpg"
    },
    {
        "id": 751,
        "name": "Dewpider",
        "image": "images/dewpider.jpg"
    },
    {
        "id": 752,
        "name": "Araquanid",
        "image": "images/araquanid.jpg"
    },
    {
        "id": 753,
        "name": "Fomantis",
        "image": "images/fomantis.jpg"
    },
    {
        "id": 754,
        "name": "Lurantis",
        "image": "images/lurantis.jpg"
    },
    {
        "id": 755,
        "name": "Morelull",
        "image": "images/morelull.jpg"
    },
    {
        "id": 756,
        "name": "Shiinotic",
        "image": "images/shiinotic.jpg"
    },
    {
        "id": 757,
        "name": "Salandit",
        "image": "images/salandit.jpg"
    },
    {
        "id": 758,
        "name": "Salazzle",
        "image": "images/salazzle.jpg"
    },
    {
        "id": 759,
        "name": "Stufful",
        "image": "images/stufful.jpg"
    },
    {
        "id": 760,
        "name": "Bewear",
        "image": "images/bewear.jpg"
    },
    {
        "id": 761,
        "name": "Bounsweet",
        "image": "images/bounsweet.jpg"
    },
    {
        "id": 762,
        "name": "Steenee",
        "image": "images/steenee.jpg"
    },
    {
        "id": 763,
        "name": "Tsareena",
        "image": "images/tsareena.jpg"
    },
    {
        "id": 764,
        "name": "Comfey",
        "image": "images/comfey.jpg"
    },
    {
        "id": 765,
        "name": "Oranguru",
        "image": "images/oranguru.jpg"
    },
    {
        "id": 766,
        "name": "Passimian",
        "image": "images/passimian.jpg"
    },
    {
        "id": 767,
        "name": "Wimpod",
        "image": "images/wimpod.jpg"
    },
    {
        "id": 768,
        "name": "Golisopod",
        "image": "images/golisopod.jpg"
    },
    {
        "id": 769,
        "name": "Sandygast",
        "image": "images/sandygast.jpg"
    },
    {
        "id": 770,
        "name": "Palossand",
        "image": "images/palossand.jpg"
    },
    {
        "id": 771,
        "name": "Pyukumuku",
        "image": "images/pyukumuku.jpg"
    },
    {
        "id": 773,
        "name": "Silvally",
        "image": "images/silvally.jpg"
    },
    {
        "id": 774,
        "name": "Minior",
        "image": "images/minior.jpg"
    },
    {
        "id": 775,
        "name": "Komala",
        "image": "images/komala.jpg"
    },
    {
        "id": 776,
        "name": "Turtonator",
        "image": "images/turtonator.jpg"
    },
    {
        "id": 777,
        "name": "Togedemaru",
        "image": "images/togedemaru.jpg"
    },
    {
        "id": 778,
        "name": "Mimikyu",
        "image": "images/mimikyu.jpg"
    },
    {
        "id": 779,
        "name": "Bruxish",
        "image": "images/bruxish.jpg"
    },
    {
        "id": 780,
        "name": "Drampa",
        "image": "images/drampa.jpg"
    },
    {
        "id": 781,
        "name": "Dhelmise",
        "image": "images/dhelmise.jpg"
    },
    {
        "id": 782,
        "name": "Jangmo-o",
        "image": "images/jangmo-o.jpg"
    },
    {
        "id": 783,
        "name": "Hakamo-o",
        "image": "images/hakamo-o.jpg"
    },
    {
        "id": 784,
        "name": "Kommo-o",
        "image": "images/kommo-o.jpg"
    },
    {
        "id": 785,
        "name": "Tapu Koko",
        "image": "images/tapu-koko.jpg"
    },
    {
        "id": 786,
        "name": "Tapu Lele",
        "image": "images/tapu-lele.jpg"
    },
    {
        "id": 787,
        "name": "Tapu Bulu",
        "image": "images/tapu-bulu.jpg"
    },
    {
        "id": 788,
        "name": "Tapu Fini",
        "image": "images/tapu-fini.jpg"
    },
    {
        "id": 789,
        "name": "Cosmog",
        "image": "images/cosmog.jpg"
    },
    {
        "id": 790,
        "name": "Cosmoem",
        "image": "images/cosmoem.jpg"
    },
    {
        "id": 791,
        "name": "Solgaleo",
        "image": "images/solgaleo.jpg"
    },
    {
        "id": 792,
        "name": "Lunala",
        "image": "images/lunala.jpg"
    },
    {
        "id": 793,
        "name": "Nihilego",
        "image": "images/nihilego.jpg"
    },
    {
        "id": 794,
        "name": "Buzzwole",
        "image": "images/buzzwole.jpg"
    },
    {
        "id": 795,
        "name": "Pheromosa",
        "image": "images/pheromosa.jpg"
    },
    {
        "id": 796,
        "name": "Xurkitree",
        "image": "images/xurkitree.jpg"
    },
    {
        "id": 797,
        "name": "Celesteela",
        "image": "images/celesteela.jpg"
    },
    {
        "id": 798,
        "name": "Kartana",
        "image": "images/kartana.jpg"
    },
    {
        "id": 799,
        "name": "Guzzlord",
        "image": "images/guzzlord.jpg"
    },
    {
        "id": 800,
        "name": "Necrozma",
        "image": "images/necrozma.jpg"
    },
    {
        "id": 801,
        "name": "Magearna",
        "image": "images/magearna.jpg"
    },
    {
        "id": 802,
        "name": "Marshadow",
        "image": "images/marshadow.jpg"
    },
    {
        "id": 803,
        "name": "Poipole",
        "image": "images/poipole.jpg"
    },
    {
        "id": 804,
        "name": "Naganadel",
        "image": "images/naganadel.jpg"
    },
    {
        "id": 805,
        "name": "Stakataka",
        "image": "images/stakataka.jpg"
    },
    {
        "id": 806,
        "name": "Blacephalon",
        "image": "images/blacephalon.jpg"
    },
    {
        "id": 807,
        "name": "Zeraora",
        "image": "images/zeraora.jpg"
    },
    {
        "id": 808,
        "name": "Meltan",
        "image": "images/meltan.jpg"
    },
    {
        "id": 809,
        "name": "Melmetal",
        "image": "images/melmetal.jpg"
    }
]
